Company Name,Website,Industry,City,State,Country
A-Plus Air Conditioning & Home Solutions,https://www.aplusac.com/,HVAC,Austin,TX,US
Airtech Energy Systems,airtechenergysystems.com,HVAC,Austin,TX,US
The AC Guy of ATX,theacguy.com,HVAC,Austin,TX,US
Efficient AC Electric & Plumbing,efficienttexas.com,HVAC,Austin,TX,US
Always Local Heat & AC,alwayslocalac.com,HVAC,Austin,TX,US
Totally Cool Heating & Air,totallycoolac.com,HVAC,Austin,TX,US
Stan's Heating Air Plumbing & Electrical,stansac.com,HVAC,Austin,TX,US
Mountain Breeze Heating & Air,mountainbreezeheatingandair.com,HVAC,Denver,CO,US
Pasterkamp Heating & Air Conditioning,https://pasterkamp.com/,HVAC,Denver,CO,US
Cool Sunshine,cool-sunshine.com,HVAC,Denver,CO,US
Major Heating & Cooling,majorheating.com,HVAC,Denver,CO,US
Tobin Heating & Air Conditioning,tobinhvac.com,HVAC,Denver,CO,US
Rogers & Sons,rogershvac.com,HVAC,Denver,CO,US
Comfort Pros Heating & Air Conditioning,comfortpros.net,HVAC,Denver,CO,US
Henry Heating Cooling & Plumbing,henryheating.com,HVAC,Cleveland,OH,US
Crown Heating Cooling & Plumbing,crowngroupohio.com,HVAC,,OH,US
Edwards Plumbing Heating & Cooling,call-edwards.com,Plumbing,,OH,US
H. Jack's Plumbing & Heating Co.,hjacks.com,Plumbing,,OH,US
Muetzel Plumbing Heating & Cooling,https://muetzel.com/,Plumbing,Columbus,OH,US
Heart of Ohio HVAC Plumbing & Electrical,heartofohiohvac.com,HVAC,Akron,OH,US
Wilson Plumbing Heating Cooling & Electric,wilsonplumbingandheating.com,Plumbing,,OH,US
Whisler Plumbing & Heating,whislerph.com,Plumbing,,OH,US
West Jefferson Plumbing and Heating,westjeffplumbingandheating.com,Plumbing,West Jefferson,OH,US
Ohio Water Heaters,ohiowaterheaters.com,Plumbing,Columbus,OH,US
Parker & Sons,https://www.parkerandsons.com/,HVAC,Phoenix,AZ,US
North Valley Mechanical,northvalleymechanical.com,HVAC,Phoenix,AZ,US
Arizona TradeMasters,aztrademasters.com,HVAC,Phoenix,AZ,US
George Brazil Heating & Cooling,georgebrazilhvac.com,HVAC,Phoenix,AZ,US
AZ Perfect Comfort,azperfectcomfort.com,HVAC,Phoenix,AZ,US
Chas Roberts,chasroberts.com,HVAC,Phoenix,AZ,US
Howard Air & Plumbing,howardair.com,HVAC,Phoenix,AZ,US
Standard Heating & Air Conditioning,standardheating.com,HVAC,Minneapolis,MN,US
MSP Plumbing Heating Air,mspplumbingheatingair.com,Plumbing,Minneapolis,MN,US
McQuillan Home Services,mcquillanbros.com,HVAC,St. Paul,MN,US
Midland Heating & Cooling,midlandhtg.com,HVAC,St. Louis Park,MN,US
Ray N. Welter Heating Company,welterheating.com,HVAC,Minneapolis,MN,US
Air Mechanical,airmechanical.com,HVAC,Minneapolis,MN,US
Sedgwick Heating & Air Conditioning,sedgwickheating.com,HVAC,Minneapolis,MN,US
Heating & Cooling Two,heatcool2.com,HVAC,Maple Grove,MN,US
Nuccio Heating & Air Conditioning,nuccioac.com,HVAC,Tampa,FL,US
Air Masters of Tampa Bay,airmasters.net,HVAC,Tampa,FL,US
Tampa Bay Air Conditioning,tampabayac.net,HVAC,Land O' Lakes,FL,US
AirZone Air Conditioning & Heating,airzonetampabay.com,HVAC,Tampa,FL,US
McMullen Air Conditioning & Refrigeration,mcmullenhvac.com,HVAC,Tampa,FL,US
WyattWorks Plumbing,wyattworks.com,Plumbing,Charlotte,NC,US
South End Plumbing,southendplumbingllc.com,Plumbing,Charlotte,NC,US
Rideout Plumbing,rideoutplumbing.com,Plumbing,Charlotte,NC,US
Charlotte Plumbing,charlotteplumbing.com,Plumbing,Charlotte,NC,US
Parker and Sons Inc,https://parkerandsons.com/about-us,HVAC,Phoenix,AZ,US
Pasterkamp Heating and Air Conditioning,www.pasterkamp.com,HVAC,Denver,CO,US
MUETZEL PLUMBING & HEATING,http://www.muetzel.com,Plumbing,Columbus,OH,US
